apolloscape_name,pku_name
171206_075202050_Camera_5.jpg,ID_f5c75d9db.jpg
180114_024344459_Camera_5.jpg,ID_4d238ae90.jpg
180114_024346629_Camera_5.jpg,ID_1a5a10365.jpg
180114_024348519_Camera_5.jpg,ID_bb1d991f6.jpg
180114_024407578_Camera_5.jpg,ID_c44983aeb.jpg
180114_024412238_Camera_5.jpg,ID_408f58e9f.jpg
180114_024951111_Camera_5.jpg,ID_e67437f6e.jpg
180114_025010537_Camera_5.jpg,ID_1592f200d.jpg
180114_025021967_Camera_5.jpg,ID_e00a86617.jpg
180114_025027681_Camera_5.jpg,ID_76e52e67a.jpg
180114_025144097_Camera_5.jpg,ID_44b96ce87.jpg
180114_025247600_Camera_5.jpg,ID_0db53ef6d.jpg
180114_025314534_Camera_5.jpg,ID_67faef8ba.jpg
180114_025324232_Camera_5.jpg,ID_3c7e8047c.jpg
180114_025852824_Camera_5.jpg,ID_d2108dfe0.jpg
180114_031152751_Camera_5.jpg,ID_024fa9432.jpg
180116_054356331_Camera_5.jpg,ID_d1e61e771.jpg
180116_054504387_Camera_5.jpg,ID_c2e4e24da.jpg
180116_054508607_Camera_5.jpg,ID_13e8cbf5c.jpg
180116_054512627_Camera_5.jpg,ID_c32e65640.jpg
180116_054514367_Camera_5.jpg,ID_3d37f4b19.jpg
180116_054515967_Camera_5.jpg,ID_e02bb6f9f.jpg
180116_054600184_Camera_5.jpg,ID_d11b1d009.jpg
180116_054607471_Camera_5.jpg,ID_001d6829a.jpg
180116_054637542_Camera_5.jpg,ID_4e3f74279.jpg
180116_061236774_Camera_5.jpg,ID_7b81dab6e.jpg
180116_064411230_Camera_5.jpg,ID_8199e5af1.jpg
180118_070605794_Camera_5.jpg,ID_851173d41.jpg
180118_070608454_Camera_5.jpg,ID_8628215e3.jpg
180118_070609784_Camera_5.jpg,ID_b35b0971e.jpg
180118_070613774_Camera_5.jpg,ID_9194bc8ae.jpg
180118_070743850_Camera_5.jpg,ID_146b29d8a.jpg
180118_070914794_Camera_5.jpg,ID_594a83b49.jpg
180118_071801729_Camera_5.jpg,ID_a178fe84e.jpg
180118_071919792_Camera_5.jpg,ID_d6435ecf5.jpg
180118_071935431_Camera_5.jpg,ID_e70dfc40c.jpg
180118_072157569_Camera_5.jpg,ID_ea963aabe.jpg
180310_030918734_Camera_5.jpg,ID_fe16c9a38.jpg
180310_030919823_Camera_5.jpg,ID_a74052dd2.jpg
180310_030922968_Camera_5.jpg,ID_6f008fc2e.jpg
180310_031203821_Camera_5.jpg,ID_255841805.jpg
180310_031204837_Camera_5.jpg,ID_b44d7af04.jpg
180310_031209536_Camera_5.jpg,
180310_031213854_Camera_5.jpg,ID_7f535a8b7.jpg
